image,n_seeds,psnr_mean_db,psnr_sd_db,ssim_mean
1003_UHD_LL.JPG,5,20.134483,0.005302,0.863511
1009_UHD_LL.JPG,5,25.837430,0.025685,0.917091
1024_UHD_LL.JPG,5,27.704215,0.039358,0.912750
1043_UHD_LL.JPG,5,23.177033,0.016330,0.897055
1085_UHD_LL.JPG,5,27.401576,0.004824,0.869345
1102_UHD_LL.JPG,5,32.953220,0.015438,0.940986
1124_UHD_LL.JPG,5,34.473520,0.018137,0.934855
1142_UHD_LL.JPG,5,34.223261,0.020645,0.941551
1165_UHD_LL.JPG,5,29.529259,0.032429,0.918196
1184_UHD_LL.JPG,5,29.245595,0.036179,0.888463
1188_UHD_LL.JPG,5,28.794120,0.057956,0.973125
1191_UHD_LL.JPG,5,19.896402,0.023689,0.859990
1223_UHD_LL.JPG,5,21.424275,0.041481,0.781300
1246_UHD_LL.JPG,5,27.756533,0.023133,0.830077
1256_UHD_LL.JPG,5,37.242078,0.014766,0.961894
1277_UHD_LL.JPG,5,27.009112,0.147120,0.958268
1294_UHD_LL.JPG,5,33.772852,0.049008,0.954313
1312_UHD_LL.JPG,5,25.118075,0.023996,0.961532
1315_UHD_LL.JPG,5,32.748257,0.049367,0.945508
1335_UHD_LL.JPG,5,23.710843,0.012238,0.953732
1338_UHD_LL.JPG,5,31.849134,0.021394,0.931239
1354_UHD_LL.JPG,5,24.641738,0.014143,0.942420
1357_UHD_LL.JPG,5,34.878051,0.010503,0.954057
1365_UHD_LL.JPG,5,20.902369,0.011427,0.851749
1378_UHD_LL.JPG,5,34.473037,0.011048,0.946139
1388_UHD_LL.JPG,5,30.336230,0.036228,0.913018
1400_UHD_LL.JPG,5,32.618684,0.026107,0.930390
1417_UHD_LL.JPG,5,27.443012,0.018974,0.895732
142_UHD_LL.JPG,5,37.392547,0.016882,0.954749
1446_UHD_LL.JPG,5,19.686335,0.017241,0.809119
1453_UHD_LL.JPG,5,30.022032,0.065135,0.945386
1464_UHD_LL.JPG,5,29.180658,0.001939,0.868699
1475_UHD_LL.JPG,5,29.422490,0.014119,0.932274
1513_UHD_LL.JPG,5,27.719757,0.011557,0.918892
152_UHD_LL.JPG,5,29.228633,0.048394,0.938045
1539_UHD_LL.JPG,5,30.741454,0.008517,0.930891
1558_UHD_LL.JPG,5,27.991599,0.012869,0.908713
1583_UHD_LL.JPG,5,26.439012,0.031232,0.886962
1594_UHD_LL.JPG,5,17.726544,0.019811,0.862973
1606_UHD_LL.JPG,5,28.106712,0.024717,0.857751
161_UHD_LL.JPG,5,28.726194,0.037592,0.926203
1628_UHD_LL.JPG,5,35.128139,0.033105,0.954796
1637_UHD_LL.JPG,5,27.872624,0.046646,0.966753
1649_UHD_LL.JPG,5,32.342111,0.062713,0.941178
164_UHD_LL.JPG,5,31.444778,0.009836,0.975436
1662_UHD_LL.JPG,5,30.359060,0.047382,0.963545
1663_UHD_LL.JPG,5,32.661986,0.055811,0.934180
1671_UHD_LL.JPG,5,34.455099,0.008811,0.922782
1678_UHD_LL.JPG,5,35.496485,0.019940,0.970217
1682_UHD_LL.JPG,5,29.116615,0.118197,0.966821
1686_UHD_LL.JPG,5,34.460737,0.015022,0.971421
1694_UHD_LL.JPG,5,31.719591,0.058569,0.913444
1701_UHD_LL.JPG,5,36.636520,0.031505,0.964353
170_UHD_LL.JPG,5,23.936908,0.011337,0.713413
1718_UHD_LL.JPG,5,28.975143,0.031513,0.970552
1725_UHD_LL.JPG,5,28.103330,0.056482,0.954368
172_UHD_LL.JPG,5,29.414621,0.032915,0.925424
1756_UHD_LL.JPG,5,30.392188,0.049498,0.971900
175_UHD_LL.JPG,5,34.778394,0.028728,0.971509
1768_UHD_LL.JPG,5,27.024194,0.006600,0.873895
1778_UHD_LL.JPG,5,23.731606,0.019859,0.959014
1785_UHD_LL.JPG,5,29.268401,0.024546,0.953789
1791_UHD_LL.JPG,5,27.111987,0.014282,0.860667
1792_UHD_LL.JPG,5,24.345914,0.000980,0.808012
17_UHD_LL.JPG,5,30.225248,0.052267,0.939429
1801_UHD_LL.JPG,5,24.557225,0.006020,0.956225
1808_UHD_LL.JPG,5,24.253941,0.018242,0.944730
1838_UHD_LL.JPG,5,23.027368,0.025595,0.812656
1917_UHD_LL.JPG,5,37.077986,0.054126,0.980958
199_UHD_LL.JPG,5,21.592027,0.026656,0.837466
1_UHD_LL.JPG,5,31.160150,0.060676,0.947257
200_UHD_LL.JPG,5,27.735287,0.024380,0.887492
2017_UHD_LL.JPG,5,23.114812,0.012956,0.946540
2025_UHD_LL.JPG,5,37.320973,0.008187,0.967769
2034_UHD_LL.JPG,5,20.333732,0.017661,0.910489
2042_UHD_LL.JPG,5,29.128397,0.053019,0.950926
2045_UHD_LL.JPG,5,32.359692,0.022895,0.976041
204_UHD_LL.JPG,5,34.311936,0.042439,0.971112
2068_UHD_LL.JPG,5,16.732627,0.010460,0.852360
2142_UHD_LL.JPG,5,31.634791,0.030168,0.936859
2145_UHD_LL.JPG,5,28.907410,0.021974,0.963576
223_UHD_LL.JPG,5,27.308048,0.010886,0.910989
230_UHD_LL.JPG,5,21.036977,0.008850,0.799130
231_UHD_LL.JPG,5,27.799263,0.008662,0.926524
240_UHD_LL.JPG,5,29.330132,0.015618,0.925504
247_UHD_LL.JPG,5,30.838025,0.011230,0.925990
272_UHD_LL.JPG,5,35.523355,0.046710,0.970975
278_UHD_LL.JPG,5,34.003942,0.087746,0.972319
286_UHD_LL.JPG,5,26.667962,0.048830,0.965339
288_UHD_LL.JPG,5,26.289831,0.043653,0.932173
28_UHD_LL.JPG,5,26.429556,0.033381,0.958142
292_UHD_LL.JPG,5,36.780605,0.015059,0.968124
29_UHD_LL.JPG,5,32.011795,0.049914,0.935601
306_UHD_LL.JPG,5,26.922404,0.054419,0.955400
345_UHD_LL.JPG,5,26.610545,0.002640,0.939527
353_UHD_LL.JPG,5,20.281101,0.013296,0.916426
371_UHD_LL.JPG,5,29.860323,0.062629,0.928883
375_UHD_LL.JPG,5,31.459401,0.014294,0.963730
385_UHD_LL.JPG,5,32.004770,0.018349,0.944379
389_UHD_LL.JPG,5,29.540850,0.016360,0.919668
394_UHD_LL.JPG,5,29.261791,0.025414,0.913318
399_UHD_LL.JPG,5,23.246561,0.022548,0.852460
40_UHD_LL.JPG,5,31.173563,0.022535,0.932207
425_UHD_LL.JPG,5,28.232494,0.005516,0.873658
434_UHD_LL.JPG,5,30.482358,0.005042,0.924449
441_UHD_LL.JPG,5,23.406138,0.004759,0.922200
442_UHD_LL.JPG,5,40.327222,0.008065,0.981216
453_UHD_LL.JPG,5,28.546636,0.013193,0.920375
457_UHD_LL.JPG,5,29.138080,0.005082,0.903808
462_UHD_LL.JPG,5,29.011807,0.018134,0.892705
47_UHD_LL.JPG,5,30.788800,0.018991,0.929845
499_UHD_LL.JPG,5,34.339735,0.045060,0.978979
507_UHD_LL.JPG,5,28.544406,0.011005,0.880199
545_UHD_LL.JPG,5,30.261956,0.069512,0.974861
54_UHD_LL.JPG,5,29.437880,0.048927,0.926288
584_UHD_LL.JPG,5,32.632239,0.046548,0.972420
60_UHD_LL.JPG,5,29.064924,0.017323,0.971928
627_UHD_LL.JPG,5,25.036823,0.010575,0.970016
63_UHD_LL.JPG,5,23.457592,0.038652,0.943825
649_UHD_LL.JPG,5,28.506072,0.025115,0.923858
674_UHD_LL.JPG,5,26.026487,0.019894,0.913717
677_UHD_LL.JPG,5,31.560874,0.034360,0.923218
685_UHD_LL.JPG,5,36.629162,0.038891,0.969871
690_UHD_LL.JPG,5,27.572756,0.030050,0.893511
692_UHD_LL.JPG,5,22.647610,0.051036,0.885695
697_UHD_LL.JPG,5,19.916933,0.068405,0.850859
704_UHD_LL.JPG,5,37.605156,0.024361,0.969290
708_UHD_LL.JPG,5,26.605155,0.017256,0.867586
70_UHD_LL.JPG,5,32.586943,0.008165,0.971879
720_UHD_LL.JPG,5,32.834182,0.082620,0.960868
727_UHD_LL.JPG,5,23.838687,0.022623,0.902773
741_UHD_LL.JPG,5,28.689911,0.042309,0.938569
752_UHD_LL.JPG,5,29.917839,0.001832,0.908943
769_UHD_LL.JPG,5,32.094100,0.013805,0.907485
771_UHD_LL.JPG,5,27.031754,0.011077,0.933599
788_UHD_LL.JPG,5,25.548919,0.026158,0.935976
7_UHD_LL.JPG,5,29.496851,0.019912,0.942710
810_UHD_LL.JPG,5,18.353691,0.007090,0.914071
869_UHD_LL.JPG,5,37.345995,0.006840,0.972216
874_UHD_LL.JPG,5,28.289860,0.027169,0.904211
879_UHD_LL.JPG,5,30.243447,0.003419,0.881894
890_UHD_LL.JPG,5,33.664045,0.056129,0.962628
895_UHD_LL.JPG,5,30.627114,0.056070,0.923257
8_UHD_LL.JPG,5,22.429474,0.005087,0.728989
914_UHD_LL.JPG,5,30.564164,0.088743,0.951231
920_UHD_LL.JPG,5,30.911362,0.041715,0.897036
945_UHD_LL.JPG,5,28.541034,0.023379,0.859365
94_UHD_LL.JPG,5,31.064315,0.044075,0.920347
967_UHD_LL.JPG,5,17.787947,0.031208,0.857185
999_UHD_LL.JPG,5,23.584530,0.050894,0.971129
